{
  "project_info": {
    "project_number": "86913212805",
    "project_id": "smart-tank-bd",
    "storage_bucket": "smart-tank-bd.firebasestorage.app"
  },
  "client": [
    {
      "client_info": {
        "mobilesdk_app_id": "1:86913212805:android:a823820329abaee7b164ec",
        "android_client_info": {
          "package_name": "com.iot.smartwatertank"
        }
      },
      "oauth_client": [],
      "api_key": [
        {
          "current_key": "AIzaSyCWyJOwSwBVCgyv5aEAS_BS4wy2bvNDwG4"
        }
      ],
      "services": {
        "appinvite_service": {
          "other_platform_oauth_client": []
        }
      }
    }
  ],
  "configuration_version": "1"
}